flavors,sales
double chocolate,452
chocolate vanilla,492
vanilla,420
coconut,30
wedding cake,115
raspberry amaretto,75
chocolate peppermint,237
snickerdoodle,336
churros,142
chocolate peanut butter,320
lemon,152
lemon strawberry,263
strawberry fields,310
mint oreo,196
cookies n' cream,378
chocolate raspberry,92
caramel apple,180
black bottom cheesecake,267
red velvet,362
salted carmel,298
french toast,110
carrot cake,264
creme brulee,86
chocolate chip cookie dough,319
banana cream,168